SW,Switch_1,4
SW,Switch_2,5
SW,Switch_3,5
SW,Switch_4,5
SW,Switch_5,5
SW,Switch_6,5
SW,Switch_7,5
SW,Switch_8,5
SW,Switch_9,5
SW,Switch_10,5
SW,Switch_11,5
SW,Switch_12,5
SW,Switch_13,5
SW,Switch_14,5
SW,Switch_15,5
SW,Switch_16,4
SW,Switch_17,5
SW,Switch_18,6
SW,Switch_19,6
SW,Switch_20,6
SW,Switch_21,6
SW,Switch_22,6
SW,Switch_23,6
SW,Switch_24,6
SW,Switch_25,6
SW,Switch_26,6
SW,Switch_27,6
SW,Switch_28,6
SW,Switch_29,6
SW,Switch_30,6
SW,Switch_31,6
SW,Switch_32,5
SW,Switch_33,5
SW,Switch_34,6
SW,Switch_35,6
SW,Switch_36,6
SW,Switch_37,6
SW,Switch_38,6
SW,Switch_39,6
SW,Switch_40,6
SW,Switch_41,6
SW,Switch_42,6
SW,Switch_43,6
SW,Switch_44,6
SW,Switch_45,6
SW,Switch_46,6
SW,Switch_47,6
SW,Switch_48,5
SW,Switch_49,5
SW,Switch_50,6
SW,Switch_51,6
SW,Switch_52,6
SW,Switch_53,6
SW,Switch_54,6
SW,Switch_55,6
SW,Switch_56,6
SW,Switch_57,6
SW,Switch_58,6
SW,Switch_59,6
SW,Switch_60,6
SW,Switch_61,6
SW,Switch_62,6
SW,Switch_63,6
SW,Switch_64,5
SW,Switch_65,5
SW,Switch_66,6
SW,Switch_67,6
SW,Switch_68,6
SW,Switch_69,6
SW,Switch_70,6
SW,Switch_71,6
SW,Switch_72,6
SW,Switch_73,6
SW,Switch_74,6
SW,Switch_75,6
SW,Switch_76,6
SW,Switch_77,6
SW,Switch_78,6
SW,Switch_79,6
SW,Switch_80,5
SW,Switch_81,5
SW,Switch_82,6
SW,Switch_83,6
SW,Switch_84,6
SW,Switch_85,6
SW,Switch_86,6
SW,Switch_87,6
SW,Switch_88,6
SW,Switch_89,6
SW,Switch_90,6
SW,Switch_91,6
SW,Switch_92,6
SW,Switch_93,6
SW,Switch_94,6
SW,Switch_95,6
SW,Switch_96,5
SW,Switch_97,5
SW,Switch_98,6
SW,Switch_99,6
SW,Switch_100,6
SW,Switch_101,6
SW,Switch_102,6
SW,Switch_103,6
SW,Switch_104,6
SW,Switch_105,6
SW,Switch_106,6
SW,Switch_107,6
SW,Switch_108,6
SW,Switch_109,6
SW,Switch_110,6
SW,Switch_111,6
SW,Switch_112,5
SW,Switch_113,5
SW,Switch_114,6
SW,Switch_115,6
SW,Switch_116,6
SW,Switch_117,6
SW,Switch_118,6
SW,Switch_119,6
SW,Switch_120,6
SW,Switch_121,6
SW,Switch_122,6
SW,Switch_123,6
SW,Switch_124,6
SW,Switch_125,6
SW,Switch_126,6
SW,Switch_127,6
SW,Switch_128,5
SW,Switch_129,5
SW,Switch_130,6
SW,Switch_131,6
SW,Switch_132,6
SW,Switch_133,6
SW,Switch_134,6
SW,Switch_135,6
SW,Switch_136,6
SW,Switch_137,6
SW,Switch_138,6
SW,Switch_139,6
SW,Switch_140,6
SW,Switch_141,6
SW,Switch_142,6
SW,Switch_143,6
SW,Switch_144,5
SW,Switch_145,5
SW,Switch_146,6
SW,Switch_147,6
SW,Switch_148,6
SW,Switch_149,6
SW,Switch_150,6
SW,Switch_151,6
SW,Switch_152,6
SW,Switch_153,6
SW,Switch_154,6
SW,Switch_155,6
SW,Switch_156,6
SW,Switch_157,6
SW,Switch_158,6
SW,Switch_159,6
SW,Switch_160,5
SW,Switch_161,5
SW,Switch_162,6
SW,Switch_163,6
SW,Switch_164,6
SW,Switch_165,6
SW,Switch_166,6
SW,Switch_167,6
SW,Switch_168,6
SW,Switch_169,6
SW,Switch_170,6
SW,Switch_171,6
SW,Switch_172,6
SW,Switch_173,6
SW,Switch_174,6
SW,Switch_175,6
SW,Switch_176,5
SW,Switch_177,5
SW,Switch_178,6
SW,Switch_179,6
SW,Switch_180,6
SW,Switch_181,6
SW,Switch_182,6
SW,Switch_183,6
SW,Switch_184,6
SW,Switch_185,6
SW,Switch_186,6
SW,Switch_187,6
SW,Switch_188,6
SW,Switch_189,6
SW,Switch_190,6
SW,Switch_191,6
SW,Switch_192,5
SW,Switch_193,5
SW,Switch_194,6
SW,Switch_195,6
SW,Switch_196,6
SW,Switch_197,6
SW,Switch_198,6
SW,Switch_199,6
SW,Switch_200,6
SW,Switch_201,6
SW,Switch_202,6
SW,Switch_203,6
SW,Switch_204,6
SW,Switch_205,6
SW,Switch_206,6
SW,Switch_207,6
SW,Switch_208,5
SW,Switch_209,5
SW,Switch_210,6
SW,Switch_211,6
SW,Switch_212,6
SW,Switch_213,6
SW,Switch_214,6
SW,Switch_215,6
SW,Switch_216,6
SW,Switch_217,6
SW,Switch_218,6
SW,Switch_219,6
SW,Switch_220,6
SW,Switch_221,6
SW,Switch_222,6
SW,Switch_223,6
SW,Switch_224,5
SW,Switch_225,5
SW,Switch_226,6
SW,Switch_227,6
SW,Switch_228,6
SW,Switch_229,6
SW,Switch_230,6
SW,Switch_231,6
SW,Switch_232,6
SW,Switch_233,6
SW,Switch_234,6
SW,Switch_235,6
SW,Switch_236,6
SW,Switch_237,6
SW,Switch_238,6
SW,Switch_239,6
SW,Switch_240,5
SW,Switch_241,4
SW,Switch_242,5
SW,Switch_243,5
SW,Switch_244,5
SW,Switch_245,5
SW,Switch_246,5
SW,Switch_247,5
SW,Switch_248,5
SW,Switch_249,5
SW,Switch_250,5
SW,Switch_251,5
SW,Switch_252,5
SW,Switch_253,5
SW,Switch_254,5
SW,Switch_255,5
SW,Switch_256,4
ES,ES_1,1
ES,ES_2,1
ES,ES_3,1
ES,ES_4,1
ES,ES_5,1
ES,ES_6,1
ES,ES_7,1
ES,ES_8,1
ES,ES_9,1
ES,ES_10,1
ES,ES_11,1
ES,ES_12,1
ES,ES_13,1
ES,ES_14,1
ES,ES_15,1
ES,ES_16,1
ES,ES_17,1
ES,ES_18,1
ES,ES_19,1
ES,ES_20,1
ES,ES_21,1
ES,ES_22,1
ES,ES_23,1
ES,ES_24,1
ES,ES_25,1
ES,ES_26,1
ES,ES_27,1
ES,ES_28,1
ES,ES_29,1
ES,ES_30,1
ES,ES_31,1
ES,ES_32,1
ES,ES_33,1
ES,ES_34,1
ES,ES_35,1
ES,ES_36,1
ES,ES_37,1
ES,ES_38,1
ES,ES_39,1
ES,ES_40,1
ES,ES_41,1
ES,ES_42,1
ES,ES_43,1
ES,ES_44,1
ES,ES_45,1
ES,ES_46,1
ES,ES_47,1
ES,ES_48,1
ES,ES_49,1
ES,ES_50,1
ES,ES_51,1
ES,ES_52,1
ES,ES_53,1
ES,ES_54,1
ES,ES_55,1
ES,ES_56,1
ES,ES_57,1
ES,ES_58,1
ES,ES_59,1
ES,ES_60,1
ES,ES_61,1
ES,ES_62,1
ES,ES_63,1
ES,ES_64,1
ES,ES_65,1
ES,ES_66,1
ES,ES_67,1
ES,ES_68,1
ES,ES_69,1
ES,ES_70,1
ES,ES_71,1
ES,ES_72,1
ES,ES_73,1
ES,ES_74,1
ES,ES_75,1
ES,ES_76,1
ES,ES_77,1
ES,ES_78,1
ES,ES_79,1
ES,ES_80,1
ES,ES_81,1
ES,ES_82,1
ES,ES_83,1
ES,ES_84,1
ES,ES_85,1
ES,ES_86,1
ES,ES_87,1
ES,ES_88,1
ES,ES_89,1
ES,ES_90,1
ES,ES_91,1
ES,ES_92,1
ES,ES_93,1
ES,ES_94,1
ES,ES_95,1
ES,ES_96,1
ES,ES_97,1
ES,ES_98,1
ES,ES_99,1
ES,ES_100,1
ES,ES_101,1
ES,ES_102,1
ES,ES_103,1
ES,ES_104,1
ES,ES_105,1
ES,ES_106,1
ES,ES_107,1
ES,ES_108,1
ES,ES_109,1
ES,ES_110,1
ES,ES_111,1
ES,ES_112,1
ES,ES_113,1
ES,ES_114,1
ES,ES_115,1
ES,ES_116,1
ES,ES_117,1
ES,ES_118,1
ES,ES_119,1
ES,ES_120,1
ES,ES_121,1
ES,ES_122,1
ES,ES_123,1
ES,ES_124,1
ES,ES_125,1
ES,ES_126,1
ES,ES_127,1
ES,ES_128,1
ES,ES_129,1
ES,ES_130,1
ES,ES_131,1
ES,ES_132,1
ES,ES_133,1
ES,ES_134,1
ES,ES_135,1
ES,ES_136,1
ES,ES_137,1
ES,ES_138,1
ES,ES_139,1
ES,ES_140,1
ES,ES_141,1
ES,ES_142,1
ES,ES_143,1
ES,ES_144,1
ES,ES_145,1
ES,ES_146,1
ES,ES_147,1
ES,ES_148,1
ES,ES_149,1
ES,ES_150,1
ES,ES_151,1
ES,ES_152,1
ES,ES_153,1
ES,ES_154,1
ES,ES_155,1
ES,ES_156,1
ES,ES_157,1
ES,ES_158,1
ES,ES_159,1
ES,ES_160,1
ES,ES_161,1
ES,ES_162,1
ES,ES_163,1
ES,ES_164,1
ES,ES_165,1
ES,ES_166,1
ES,ES_167,1
ES,ES_168,1
ES,ES_169,1
ES,ES_170,1
ES,ES_171,1
ES,ES_172,1
ES,ES_173,1
ES,ES_174,1
ES,ES_175,1
ES,ES_176,1
ES,ES_177,1
ES,ES_178,1
ES,ES_179,1
ES,ES_180,1
ES,ES_181,1
ES,ES_182,1
ES,ES_183,1
ES,ES_184,1
ES,ES_185,1
ES,ES_186,1
ES,ES_187,1
ES,ES_188,1
ES,ES_189,1
ES,ES_190,1
ES,ES_191,1
ES,ES_192,1
ES,ES_193,1
ES,ES_194,1
ES,ES_195,1
ES,ES_196,1
ES,ES_197,1
ES,ES_198,1
ES,ES_199,1
ES,ES_200,1
ES,ES_201,1
ES,ES_202,1
ES,ES_203,1
ES,ES_204,1
ES,ES_205,1
ES,ES_206,1
ES,ES_207,1
ES,ES_208,1
ES,ES_209,1
ES,ES_210,1
ES,ES_211,1
ES,ES_212,1
ES,ES_213,1
ES,ES_214,1
ES,ES_215,1
ES,ES_216,1
ES,ES_217,1
ES,ES_218,1
ES,ES_219,1
ES,ES_220,1
ES,ES_221,1
ES,ES_222,1
ES,ES_223,1
ES,ES_224,1
ES,ES_225,1
ES,ES_226,1
ES,ES_227,1
ES,ES_228,1
ES,ES_229,1
ES,ES_230,1
ES,ES_231,1
ES,ES_232,1
ES,ES_233,1
ES,ES_234,1
ES,ES_235,1
ES,ES_236,1
ES,ES_237,1
ES,ES_238,1
ES,ES_239,1
ES,ES_240,1
ES,ES_241,1
ES,ES_242,1
ES,ES_243,1
ES,ES_244,1
ES,ES_245,1
ES,ES_246,1
ES,ES_247,1
ES,ES_248,1
ES,ES_249,1
ES,ES_250,1
ES,ES_251,1
ES,ES_252,1
ES,ES_253,1
ES,ES_254,1
ES,ES_255,1
ES,ES_256,1
ES,ES_257,1
ES,ES_258,1
ES,ES_259,1
ES,ES_260,1
ES,ES_261,1
ES,ES_262,1
ES,ES_263,1
ES,ES_264,1
ES,ES_265,1
ES,ES_266,1
ES,ES_267,1
ES,ES_268,1
ES,ES_269,1
ES,ES_270,1
ES,ES_271,1
ES,ES_272,1
ES,ES_273,1
ES,ES_274,1
ES,ES_275,1
ES,ES_276,1
ES,ES_277,1
ES,ES_278,1
ES,ES_279,1
ES,ES_280,1
ES,ES_281,1
ES,ES_282,1
ES,ES_283,1
ES,ES_284,1
ES,ES_285,1
ES,ES_286,1
ES,ES_287,1
ES,ES_288,1
ES,ES_289,1
ES,ES_290,1
ES,ES_291,1
ES,ES_292,1
ES,ES_293,1
ES,ES_294,1
ES,ES_295,1
ES,ES_296,1
ES,ES_297,1
ES,ES_298,1
ES,ES_299,1
ES,ES_300,1
ES,ES_301,1
ES,ES_302,1
ES,ES_303,1
ES,ES_304,1
ES,ES_305,1
ES,ES_306,1
ES,ES_307,1
ES,ES_308,1
ES,ES_309,1
ES,ES_310,1
ES,ES_311,1
ES,ES_312,1
ES,ES_313,1
ES,ES_314,1
ES,ES_315,1
ES,ES_316,1
ES,ES_317,1
ES,ES_318,1
ES,ES_319,1
ES,ES_320,1
ES,ES_321,1
ES,ES_322,1
ES,ES_323,1
ES,ES_324,1
ES,ES_325,1
ES,ES_326,1
ES,ES_327,1
ES,ES_328,1
ES,ES_329,1
ES,ES_330,1
ES,ES_331,1
ES,ES_332,1
ES,ES_333,1
ES,ES_334,1
ES,ES_335,1
ES,ES_336,1
ES,ES_337,1
ES,ES_338,1
ES,ES_339,1
ES,ES_340,1
ES,ES_341,1
ES,ES_342,1
ES,ES_343,1
ES,ES_344,1
ES,ES_345,1
ES,ES_346,1
ES,ES_347,1
ES,ES_348,1
ES,ES_349,1
ES,ES_350,1
ES,ES_351,1
ES,ES_352,1
ES,ES_353,1
ES,ES_354,1
ES,ES_355,1
ES,ES_356,1
ES,ES_357,1
ES,ES_358,1
ES,ES_359,1
ES,ES_360,1
ES,ES_361,1
ES,ES_362,1
ES,ES_363,1
ES,ES_364,1
ES,ES_365,1
ES,ES_366,1
ES,ES_367,1
ES,ES_368,1
ES,ES_369,1
ES,ES_370,1
ES,ES_371,1
ES,ES_372,1
ES,ES_373,1
ES,ES_374,1
ES,ES_375,1
ES,ES_376,1
ES,ES_377,1
ES,ES_378,1
ES,ES_379,1
ES,ES_380,1
ES,ES_381,1
ES,ES_382,1
ES,ES_383,1
ES,ES_384,1
ES,ES_385,1
ES,ES_386,1
ES,ES_387,1
ES,ES_388,1
ES,ES_389,1
ES,ES_390,1
ES,ES_391,1
ES,ES_392,1
ES,ES_393,1
ES,ES_394,1
ES,ES_395,1
ES,ES_396,1
ES,ES_397,1
ES,ES_398,1
ES,ES_399,1
ES,ES_400,1
ES,ES_401,1
ES,ES_402,1
ES,ES_403,1
ES,ES_404,1
ES,ES_405,1
ES,ES_406,1
ES,ES_407,1
ES,ES_408,1
ES,ES_409,1
ES,ES_410,1
ES,ES_411,1
ES,ES_412,1
ES,ES_413,1
ES,ES_414,1
ES,ES_415,1
ES,ES_416,1
ES,ES_417,1
ES,ES_418,1
ES,ES_419,1
ES,ES_420,1
ES,ES_421,1
ES,ES_422,1
ES,ES_423,1
ES,ES_424,1
ES,ES_425,1
ES,ES_426,1
ES,ES_427,1
ES,ES_428,1
ES,ES_429,1
ES,ES_430,1
ES,ES_431,1
ES,ES_432,1
ES,ES_433,1
ES,ES_434,1
ES,ES_435,1
ES,ES_436,1
ES,ES_437,1
ES,ES_438,1
ES,ES_439,1
ES,ES_440,1
ES,ES_441,1
ES,ES_442,1
ES,ES_443,1
ES,ES_444,1
ES,ES_445,1
ES,ES_446,1
ES,ES_447,1
ES,ES_448,1
ES,ES_449,1
ES,ES_450,1
ES,ES_451,1
ES,ES_452,1
ES,ES_453,1
ES,ES_454,1
ES,ES_455,1
ES,ES_456,1
ES,ES_457,1
ES,ES_458,1
ES,ES_459,1
ES,ES_460,1
ES,ES_461,1
ES,ES_462,1
ES,ES_463,1
ES,ES_464,1
ES,ES_465,1
ES,ES_466,1
ES,ES_467,1
ES,ES_468,1
ES,ES_469,1
ES,ES_470,1
ES,ES_471,1
ES,ES_472,1
ES,ES_473,1
ES,ES_474,1
ES,ES_475,1
ES,ES_476,1
ES,ES_477,1
ES,ES_478,1
ES,ES_479,1
ES,ES_480,1
ES,ES_481,1
ES,ES_482,1
ES,ES_483,1
ES,ES_484,1
ES,ES_485,1
ES,ES_486,1
ES,ES_487,1
ES,ES_488,1
ES,ES_489,1
ES,ES_490,1
ES,ES_491,1
ES,ES_492,1
ES,ES_493,1
ES,ES_494,1
ES,ES_495,1
ES,ES_496,1
ES,ES_497,1
ES,ES_498,1
ES,ES_499,1
ES,ES_500,1
ES,ES_501,1
ES,ES_502,1
ES,ES_503,1
ES,ES_504,1
ES,ES_505,1
ES,ES_506,1
ES,ES_507,1
ES,ES_508,1
ES,ES_509,1
ES,ES_510,1
ES,ES_511,1
ES,ES_512,1
LINK,Link_1,ES_1,1,Switch_1,1
LINK,Link_2,ES_2,1,Switch_1,2
LINK,Link_3,ES_3,1,Switch_2,1
LINK,Link_4,ES_4,1,Switch_2,2
LINK,Link_5,ES_5,1,Switch_3,1
LINK,Link_6,ES_6,1,Switch_3,2
LINK,Link_7,ES_7,1,Switch_4,1
LINK,Link_8,ES_8,1,Switch_4,2
LINK,Link_9,ES_9,1,Switch_5,1
LINK,Link_10,ES_10,1,Switch_5,2
LINK,Link_11,ES_11,1,Switch_6,1
LINK,Link_12,ES_12,1,Switch_6,2
LINK,Link_13,ES_13,1,Switch_7,1
LINK,Link_14,ES_14,1,Switch_7,2
LINK,Link_15,ES_15,1,Switch_8,1
LINK,Link_16,ES_16,1,Switch_8,2
LINK,Link_17,ES_17,1,Switch_9,1
LINK,Link_18,ES_18,1,Switch_9,2
LINK,Link_19,ES_19,1,Switch_10,1
LINK,Link_20,ES_20,1,Switch_10,2
LINK,Link_21,ES_21,1,Switch_11,1
LINK,Link_22,ES_22,1,Switch_11,2
LINK,Link_23,ES_23,1,Switch_12,1
LINK,Link_24,ES_24,1,Switch_12,2
LINK,Link_25,ES_25,1,Switch_13,1
LINK,Link_26,ES_26,1,Switch_13,2
LINK,Link_27,ES_27,1,Switch_14,1
LINK,Link_28,ES_28,1,Switch_14,2
LINK,Link_29,ES_29,1,Switch_15,1
LINK,Link_30,ES_30,1,Switch_15,2
LINK,Link_31,ES_31,1,Switch_16,1
LINK,Link_32,ES_32,1,Switch_16,2
LINK,Link_33,ES_33,1,Switch_17,1
LINK,Link_34,ES_34,1,Switch_17,2
LINK,Link_35,ES_35,1,Switch_18,1
LINK,Link_36,ES_36,1,Switch_18,2
LINK,Link_37,ES_37,1,Switch_19,1
LINK,Link_38,ES_38,1,Switch_19,2
LINK,Link_39,ES_39,1,Switch_20,1
LINK,Link_40,ES_40,1,Switch_20,2
LINK,Link_41,ES_41,1,Switch_21,1
LINK,Link_42,ES_42,1,Switch_21,2
LINK,Link_43,ES_43,1,Switch_22,1
LINK,Link_44,ES_44,1,Switch_22,2
LINK,Link_45,ES_45,1,Switch_23,1
LINK,Link_46,ES_46,1,Switch_23,2
LINK,Link_47,ES_47,1,Switch_24,1
LINK,Link_48,ES_48,1,Switch_24,2
LINK,Link_49,ES_49,1,Switch_25,1
LINK,Link_50,ES_50,1,Switch_25,2
LINK,Link_51,ES_51,1,Switch_26,1
LINK,Link_52,ES_52,1,Switch_26,2
LINK,Link_53,ES_53,1,Switch_27,1
LINK,Link_54,ES_54,1,Switch_27,2
LINK,Link_55,ES_55,1,Switch_28,1
LINK,Link_56,ES_56,1,Switch_28,2
LINK,Link_57,ES_57,1,Switch_29,1
LINK,Link_58,ES_58,1,Switch_29,2
LINK,Link_59,ES_59,1,Switch_30,1
LINK,Link_60,ES_60,1,Switch_30,2
LINK,Link_61,ES_61,1,Switch_31,1
LINK,Link_62,ES_62,1,Switch_31,2
LINK,Link_63,ES_63,1,Switch_32,1
LINK,Link_64,ES_64,1,Switch_32,2
LINK,Link_65,ES_65,1,Switch_33,1
LINK,Link_66,ES_66,1,Switch_33,2
LINK,Link_67,ES_67,1,Switch_34,1
LINK,Link_68,ES_68,1,Switch_34,2
LINK,Link_69,ES_69,1,Switch_35,1
LINK,Link_70,ES_70,1,Switch_35,2
LINK,Link_71,ES_71,1,Switch_36,1
LINK,Link_72,ES_72,1,Switch_36,2
LINK,Link_73,ES_73,1,Switch_37,1
LINK,Link_74,ES_74,1,Switch_37,2
LINK,Link_75,ES_75,1,Switch_38,1
LINK,Link_76,ES_76,1,Switch_38,2
LINK,Link_77,ES_77,1,Switch_39,1
LINK,Link_78,ES_78,1,Switch_39,2
LINK,Link_79,ES_79,1,Switch_40,1
LINK,Link_80,ES_80,1,Switch_40,2
LINK,Link_81,ES_81,1,Switch_41,1
LINK,Link_82,ES_82,1,Switch_41,2
LINK,Link_83,ES_83,1,Switch_42,1
LINK,Link_84,ES_84,1,Switch_42,2
LINK,Link_85,ES_85,1,Switch_43,1
LINK,Link_86,ES_86,1,Switch_43,2
LINK,Link_87,ES_87,1,Switch_44,1
LINK,Link_88,ES_88,1,Switch_44,2
LINK,Link_89,ES_89,1,Switch_45,1
LINK,Link_90,ES_90,1,Switch_45,2
LINK,Link_91,ES_91,1,Switch_46,1
LINK,Link_92,ES_92,1,Switch_46,2
LINK,Link_93,ES_93,1,Switch_47,1
LINK,Link_94,ES_94,1,Switch_47,2
LINK,Link_95,ES_95,1,Switch_48,1
LINK,Link_96,ES_96,1,Switch_48,2
LINK,Link_97,ES_97,1,Switch_49,1
LINK,Link_98,ES_98,1,Switch_49,2
LINK,Link_99,ES_99,1,Switch_50,1
LINK,Link_100,ES_100,1,Switch_50,2
LINK,Link_101,ES_101,1,Switch_51,1
LINK,Link_102,ES_102,1,Switch_51,2
LINK,Link_103,ES_103,1,Switch_52,1
LINK,Link_104,ES_104,1,Switch_52,2
LINK,Link_105,ES_105,1,Switch_53,1
LINK,Link_106,ES_106,1,Switch_53,2
LINK,Link_107,ES_107,1,Switch_54,1
LINK,Link_108,ES_108,1,Switch_54,2
LINK,Link_109,ES_109,1,Switch_55,1
LINK,Link_110,ES_110,1,Switch_55,2
LINK,Link_111,ES_111,1,Switch_56,1
LINK,Link_112,ES_112,1,Switch_56,2
LINK,Link_113,ES_113,1,Switch_57,1
LINK,Link_114,ES_114,1,Switch_57,2
LINK,Link_115,ES_115,1,Switch_58,1
LINK,Link_116,ES_116,1,Switch_58,2
LINK,Link_117,ES_117,1,Switch_59,1
LINK,Link_118,ES_118,1,Switch_59,2
LINK,Link_119,ES_119,1,Switch_60,1
LINK,Link_120,ES_120,1,Switch_60,2
LINK,Link_121,ES_121,1,Switch_61,1
LINK,Link_122,ES_122,1,Switch_61,2
LINK,Link_123,ES_123,1,Switch_62,1
LINK,Link_124,ES_124,1,Switch_62,2
LINK,Link_125,ES_125,1,Switch_63,1
LINK,Link_126,ES_126,1,Switch_63,2
LINK,Link_127,ES_127,1,Switch_64,1
LINK,Link_128,ES_128,1,Switch_64,2
LINK,Link_129,ES_129,1,Switch_65,1
LINK,Link_130,ES_130,1,Switch_65,2
LINK,Link_131,ES_131,1,Switch_66,1
LINK,Link_132,ES_132,1,Switch_66,2
LINK,Link_133,ES_133,1,Switch_67,1
LINK,Link_134,ES_134,1,Switch_67,2
LINK,Link_135,ES_135,1,Switch_68,1
LINK,Link_136,ES_136,1,Switch_68,2
LINK,Link_137,ES_137,1,Switch_69,1
LINK,Link_138,ES_138,1,Switch_69,2
LINK,Link_139,ES_139,1,Switch_70,1
LINK,Link_140,ES_140,1,Switch_70,2
LINK,Link_141,ES_141,1,Switch_71,1
LINK,Link_142,ES_142,1,Switch_71,2
LINK,Link_143,ES_143,1,Switch_72,1
LINK,Link_144,ES_144,1,Switch_72,2
LINK,Link_145,ES_145,1,Switch_73,1
LINK,Link_146,ES_146,1,Switch_73,2
LINK,Link_147,ES_147,1,Switch_74,1
LINK,Link_148,ES_148,1,Switch_74,2
LINK,Link_149,ES_149,1,Switch_75,1
LINK,Link_150,ES_150,1,Switch_75,2
LINK,Link_151,ES_151,1,Switch_76,1
LINK,Link_152,ES_152,1,Switch_76,2
LINK,Link_153,ES_153,1,Switch_77,1
LINK,Link_154,ES_154,1,Switch_77,2
LINK,Link_155,ES_155,1,Switch_78,1
LINK,Link_156,ES_156,1,Switch_78,2
LINK,Link_157,ES_157,1,Switch_79,1
LINK,Link_158,ES_158,1,Switch_79,2
LINK,Link_159,ES_159,1,Switch_80,1
LINK,Link_160,ES_160,1,Switch_80,2
LINK,Link_161,ES_161,1,Switch_81,1
LINK,Link_162,ES_162,1,Switch_81,2
LINK,Link_163,ES_163,1,Switch_82,1
LINK,Link_164,ES_164,1,Switch_82,2
LINK,Link_165,ES_165,1,Switch_83,1
LINK,Link_166,ES_166,1,Switch_83,2
LINK,Link_167,ES_167,1,Switch_84,1
LINK,Link_168,ES_168,1,Switch_84,2
LINK,Link_169,ES_169,1,Switch_85,1
LINK,Link_170,ES_170,1,Switch_85,2
LINK,Link_171,ES_171,1,Switch_86,1
LINK,Link_172,ES_172,1,Switch_86,2
LINK,Link_173,ES_173,1,Switch_87,1
LINK,Link_174,ES_174,1,Switch_87,2
LINK,Link_175,ES_175,1,Switch_88,1
LINK,Link_176,ES_176,1,Switch_88,2
LINK,Link_177,ES_177,1,Switch_89,1
LINK,Link_178,ES_178,1,Switch_89,2
LINK,Link_179,ES_179,1,Switch_90,1
LINK,Link_180,ES_180,1,Switch_90,2
LINK,Link_181,ES_181,1,Switch_91,1
LINK,Link_182,ES_182,1,Switch_91,2
LINK,Link_183,ES_183,1,Switch_92,1
LINK,Link_184,ES_184,1,Switch_92,2
LINK,Link_185,ES_185,1,Switch_93,1
LINK,Link_186,ES_186,1,Switch_93,2
LINK,Link_187,ES_187,1,Switch_94,1
LINK,Link_188,ES_188,1,Switch_94,2
LINK,Link_189,ES_189,1,Switch_95,1
LINK,Link_190,ES_190,1,Switch_95,2
LINK,Link_191,ES_191,1,Switch_96,1
LINK,Link_192,ES_192,1,Switch_96,2
LINK,Link_193,ES_193,1,Switch_97,1
LINK,Link_194,ES_194,1,Switch_97,2
LINK,Link_195,ES_195,1,Switch_98,1
LINK,Link_196,ES_196,1,Switch_98,2
LINK,Link_197,ES_197,1,Switch_99,1
LINK,Link_198,ES_198,1,Switch_99,2
LINK,Link_199,ES_199,1,Switch_100,1
LINK,Link_200,ES_200,1,Switch_100,2
LINK,Link_201,ES_201,1,Switch_101,1
LINK,Link_202,ES_202,1,Switch_101,2
LINK,Link_203,ES_203,1,Switch_102,1
LINK,Link_204,ES_204,1,Switch_102,2
LINK,Link_205,ES_205,1,Switch_103,1
LINK,Link_206,ES_206,1,Switch_103,2
LINK,Link_207,ES_207,1,Switch_104,1
LINK,Link_208,ES_208,1,Switch_104,2
LINK,Link_209,ES_209,1,Switch_105,1
LINK,Link_210,ES_210,1,Switch_105,2
LINK,Link_211,ES_211,1,Switch_106,1
LINK,Link_212,ES_212,1,Switch_106,2
LINK,Link_213,ES_213,1,Switch_107,1
LINK,Link_214,ES_214,1,Switch_107,2
LINK,Link_215,ES_215,1,Switch_108,1
LINK,Link_216,ES_216,1,Switch_108,2
LINK,Link_217,ES_217,1,Switch_109,1
LINK,Link_218,ES_218,1,Switch_109,2
LINK,Link_219,ES_219,1,Switch_110,1
LINK,Link_220,ES_220,1,Switch_110,2
LINK,Link_221,ES_221,1,Switch_111,1
LINK,Link_222,ES_222,1,Switch_111,2
LINK,Link_223,ES_223,1,Switch_112,1
LINK,Link_224,ES_224,1,Switch_112,2
LINK,Link_225,ES_225,1,Switch_113,1
LINK,Link_226,ES_226,1,Switch_113,2
LINK,Link_227,ES_227,1,Switch_114,1
LINK,Link_228,ES_228,1,Switch_114,2
LINK,Link_229,ES_229,1,Switch_115,1
LINK,Link_230,ES_230,1,Switch_115,2
LINK,Link_231,ES_231,1,Switch_116,1
LINK,Link_232,ES_232,1,Switch_116,2
LINK,Link_233,ES_233,1,Switch_117,1
LINK,Link_234,ES_234,1,Switch_117,2
LINK,Link_235,ES_235,1,Switch_118,1
LINK,Link_236,ES_236,1,Switch_118,2
LINK,Link_237,ES_237,1,Switch_119,1
LINK,Link_238,ES_238,1,Switch_119,2
LINK,Link_239,ES_239,1,Switch_120,1
LINK,Link_240,ES_240,1,Switch_120,2
LINK,Link_241,ES_241,1,Switch_121,1
LINK,Link_242,ES_242,1,Switch_121,2
LINK,Link_243,ES_243,1,Switch_122,1
LINK,Link_244,ES_244,1,Switch_122,2
LINK,Link_245,ES_245,1,Switch_123,1
LINK,Link_246,ES_246,1,Switch_123,2
LINK,Link_247,ES_247,1,Switch_124,1
LINK,Link_248,ES_248,1,Switch_124,2
LINK,Link_249,ES_249,1,Switch_125,1
LINK,Link_250,ES_250,1,Switch_125,2
LINK,Link_251,ES_251,1,Switch_126,1
LINK,Link_252,ES_252,1,Switch_126,2
LINK,Link_253,ES_253,1,Switch_127,1
LINK,Link_254,ES_254,1,Switch_127,2
LINK,Link_255,ES_255,1,Switch_128,1
LINK,Link_256,ES_256,1,Switch_128,2
LINK,Link_257,ES_257,1,Switch_129,1
LINK,Link_258,ES_258,1,Switch_129,2
LINK,Link_259,ES_259,1,Switch_130,1
LINK,Link_260,ES_260,1,Switch_130,2
LINK,Link_261,ES_261,1,Switch_131,1
LINK,Link_262,ES_262,1,Switch_131,2
LINK,Link_263,ES_263,1,Switch_132,1
LINK,Link_264,ES_264,1,Switch_132,2
LINK,Link_265,ES_265,1,Switch_133,1
LINK,Link_266,ES_266,1,Switch_133,2
LINK,Link_267,ES_267,1,Switch_134,1
LINK,Link_268,ES_268,1,Switch_134,2
LINK,Link_269,ES_269,1,Switch_135,1
LINK,Link_270,ES_270,1,Switch_135,2
LINK,Link_271,ES_271,1,Switch_136,1
LINK,Link_272,ES_272,1,Switch_136,2
LINK,Link_273,ES_273,1,Switch_137,1
LINK,Link_274,ES_274,1,Switch_137,2
LINK,Link_275,ES_275,1,Switch_138,1
LINK,Link_276,ES_276,1,Switch_138,2
LINK,Link_277,ES_277,1,Switch_139,1
LINK,Link_278,ES_278,1,Switch_139,2
LINK,Link_279,ES_279,1,Switch_140,1
LINK,Link_280,ES_280,1,Switch_140,2
LINK,Link_281,ES_281,1,Switch_141,1
LINK,Link_282,ES_282,1,Switch_141,2
LINK,Link_283,ES_283,1,Switch_142,1
LINK,Link_284,ES_284,1,Switch_142,2
LINK,Link_285,ES_285,1,Switch_143,1
LINK,Link_286,ES_286,1,Switch_143,2
LINK,Link_287,ES_287,1,Switch_144,1
LINK,Link_288,ES_288,1,Switch_144,2
LINK,Link_289,ES_289,1,Switch_145,1
LINK,Link_290,ES_290,1,Switch_145,2
LINK,Link_291,ES_291,1,Switch_146,1
LINK,Link_292,ES_292,1,Switch_146,2
LINK,Link_293,ES_293,1,Switch_147,1
LINK,Link_294,ES_294,1,Switch_147,2
LINK,Link_295,ES_295,1,Switch_148,1
LINK,Link_296,ES_296,1,Switch_148,2
LINK,Link_297,ES_297,1,Switch_149,1
LINK,Link_298,ES_298,1,Switch_149,2
LINK,Link_299,ES_299,1,Switch_150,1
LINK,Link_300,ES_300,1,Switch_150,2
LINK,Link_301,ES_301,1,Switch_151,1
LINK,Link_302,ES_302,1,Switch_151,2
LINK,Link_303,ES_303,1,Switch_152,1
LINK,Link_304,ES_304,1,Switch_152,2
LINK,Link_305,ES_305,1,Switch_153,1
LINK,Link_306,ES_306,1,Switch_153,2
LINK,Link_307,ES_307,1,Switch_154,1
LINK,Link_308,ES_308,1,Switch_154,2
LINK,Link_309,ES_309,1,Switch_155,1
LINK,Link_310,ES_310,1,Switch_155,2
LINK,Link_311,ES_311,1,Switch_156,1
LINK,Link_312,ES_312,1,Switch_156,2
LINK,Link_313,ES_313,1,Switch_157,1
LINK,Link_314,ES_314,1,Switch_157,2
LINK,Link_315,ES_315,1,Switch_158,1
LINK,Link_316,ES_316,1,Switch_158,2
LINK,Link_317,ES_317,1,Switch_159,1
LINK,Link_318,ES_318,1,Switch_159,2
LINK,Link_319,ES_319,1,Switch_160,1
LINK,Link_320,ES_320,1,Switch_160,2
LINK,Link_321,ES_321,1,Switch_161,1
LINK,Link_322,ES_322,1,Switch_161,2
LINK,Link_323,ES_323,1,Switch_162,1
LINK,Link_324,ES_324,1,Switch_162,2
LINK,Link_325,ES_325,1,Switch_163,1
LINK,Link_326,ES_326,1,Switch_163,2
LINK,Link_327,ES_327,1,Switch_164,1
LINK,Link_328,ES_328,1,Switch_164,2
LINK,Link_329,ES_329,1,Switch_165,1
LINK,Link_330,ES_330,1,Switch_165,2
LINK,Link_331,ES_331,1,Switch_166,1
LINK,Link_332,ES_332,1,Switch_166,2
LINK,Link_333,ES_333,1,Switch_167,1
LINK,Link_334,ES_334,1,Switch_167,2
LINK,Link_335,ES_335,1,Switch_168,1
LINK,Link_336,ES_336,1,Switch_168,2
LINK,Link_337,ES_337,1,Switch_169,1
LINK,Link_338,ES_338,1,Switch_169,2
LINK,Link_339,ES_339,1,Switch_170,1
LINK,Link_340,ES_340,1,Switch_170,2
LINK,Link_341,ES_341,1,Switch_171,1
LINK,Link_342,ES_342,1,Switch_171,2
LINK,Link_343,ES_343,1,Switch_172,1
LINK,Link_344,ES_344,1,Switch_172,2
LINK,Link_345,ES_345,1,Switch_173,1
LINK,Link_346,ES_346,1,Switch_173,2
LINK,Link_347,ES_347,1,Switch_174,1
LINK,Link_348,ES_348,1,Switch_174,2
LINK,Link_349,ES_349,1,Switch_175,1
LINK,Link_350,ES_350,1,Switch_175,2
LINK,Link_351,ES_351,1,Switch_176,1
LINK,Link_352,ES_352,1,Switch_176,2
LINK,Link_353,ES_353,1,Switch_177,1
LINK,Link_354,ES_354,1,Switch_177,2
LINK,Link_355,ES_355,1,Switch_178,1
LINK,Link_356,ES_356,1,Switch_178,2
LINK,Link_357,ES_357,1,Switch_179,1
LINK,Link_358,ES_358,1,Switch_179,2
LINK,Link_359,ES_359,1,Switch_180,1
LINK,Link_360,ES_360,1,Switch_180,2
LINK,Link_361,ES_361,1,Switch_181,1
LINK,Link_362,ES_362,1,Switch_181,2
LINK,Link_363,ES_363,1,Switch_182,1
LINK,Link_364,ES_364,1,Switch_182,2
LINK,Link_365,ES_365,1,Switch_183,1
LINK,Link_366,ES_366,1,Switch_183,2
LINK,Link_367,ES_367,1,Switch_184,1
LINK,Link_368,ES_368,1,Switch_184,2
LINK,Link_369,ES_369,1,Switch_185,1
LINK,Link_370,ES_370,1,Switch_185,2
LINK,Link_371,ES_371,1,Switch_186,1
LINK,Link_372,ES_372,1,Switch_186,2
LINK,Link_373,ES_373,1,Switch_187,1
LINK,Link_374,ES_374,1,Switch_187,2
LINK,Link_375,ES_375,1,Switch_188,1
LINK,Link_376,ES_376,1,Switch_188,2
LINK,Link_377,ES_377,1,Switch_189,1
LINK,Link_378,ES_378,1,Switch_189,2
LINK,Link_379,ES_379,1,Switch_190,1
LINK,Link_380,ES_380,1,Switch_190,2
LINK,Link_381,ES_381,1,Switch_191,1
LINK,Link_382,ES_382,1,Switch_191,2
LINK,Link_383,ES_383,1,Switch_192,1
LINK,Link_384,ES_384,1,Switch_192,2
LINK,Link_385,ES_385,1,Switch_193,1
LINK,Link_386,ES_386,1,Switch_193,2
LINK,Link_387,ES_387,1,Switch_194,1
LINK,Link_388,ES_388,1,Switch_194,2
LINK,Link_389,ES_389,1,Switch_195,1
LINK,Link_390,ES_390,1,Switch_195,2
LINK,Link_391,ES_391,1,Switch_196,1
LINK,Link_392,ES_392,1,Switch_196,2
LINK,Link_393,ES_393,1,Switch_197,1
LINK,Link_394,ES_394,1,Switch_197,2
LINK,Link_395,ES_395,1,Switch_198,1
LINK,Link_396,ES_396,1,Switch_198,2
LINK,Link_397,ES_397,1,Switch_199,1
LINK,Link_398,ES_398,1,Switch_199,2
LINK,Link_399,ES_399,1,Switch_200,1
LINK,Link_400,ES_400,1,Switch_200,2
LINK,Link_401,ES_401,1,Switch_201,1
LINK,Link_402,ES_402,1,Switch_201,2
LINK,Link_403,ES_403,1,Switch_202,1
LINK,Link_404,ES_404,1,Switch_202,2
LINK,Link_405,ES_405,1,Switch_203,1
LINK,Link_406,ES_406,1,Switch_203,2
LINK,Link_407,ES_407,1,Switch_204,1
LINK,Link_408,ES_408,1,Switch_204,2
LINK,Link_409,ES_409,1,Switch_205,1
LINK,Link_410,ES_410,1,Switch_205,2
LINK,Link_411,ES_411,1,Switch_206,1
LINK,Link_412,ES_412,1,Switch_206,2
LINK,Link_413,ES_413,1,Switch_207,1
LINK,Link_414,ES_414,1,Switch_207,2
LINK,Link_415,ES_415,1,Switch_208,1
LINK,Link_416,ES_416,1,Switch_208,2
LINK,Link_417,ES_417,1,Switch_209,1
LINK,Link_418,ES_418,1,Switch_209,2
LINK,Link_419,ES_419,1,Switch_210,1
LINK,Link_420,ES_420,1,Switch_210,2
LINK,Link_421,ES_421,1,Switch_211,1
LINK,Link_422,ES_422,1,Switch_211,2
LINK,Link_423,ES_423,1,Switch_212,1
LINK,Link_424,ES_424,1,Switch_212,2
LINK,Link_425,ES_425,1,Switch_213,1
LINK,Link_426,ES_426,1,Switch_213,2
LINK,Link_427,ES_427,1,Switch_214,1
LINK,Link_428,ES_428,1,Switch_214,2
LINK,Link_429,ES_429,1,Switch_215,1
LINK,Link_430,ES_430,1,Switch_215,2
LINK,Link_431,ES_431,1,Switch_216,1
LINK,Link_432,ES_432,1,Switch_216,2
LINK,Link_433,ES_433,1,Switch_217,1
LINK,Link_434,ES_434,1,Switch_217,2
LINK,Link_435,ES_435,1,Switch_218,1
LINK,Link_436,ES_436,1,Switch_218,2
LINK,Link_437,ES_437,1,Switch_219,1
LINK,Link_438,ES_438,1,Switch_219,2
LINK,Link_439,ES_439,1,Switch_220,1
LINK,Link_440,ES_440,1,Switch_220,2
LINK,Link_441,ES_441,1,Switch_221,1
LINK,Link_442,ES_442,1,Switch_221,2
LINK,Link_443,ES_443,1,Switch_222,1
LINK,Link_444,ES_444,1,Switch_222,2
LINK,Link_445,ES_445,1,Switch_223,1
LINK,Link_446,ES_446,1,Switch_223,2
LINK,Link_447,ES_447,1,Switch_224,1
LINK,Link_448,ES_448,1,Switch_224,2
LINK,Link_449,ES_449,1,Switch_225,1
LINK,Link_450,ES_450,1,Switch_225,2
LINK,Link_451,ES_451,1,Switch_226,1
LINK,Link_452,ES_452,1,Switch_226,2
LINK,Link_453,ES_453,1,Switch_227,1
LINK,Link_454,ES_454,1,Switch_227,2
LINK,Link_455,ES_455,1,Switch_228,1
LINK,Link_456,ES_456,1,Switch_228,2
LINK,Link_457,ES_457,1,Switch_229,1
LINK,Link_458,ES_458,1,Switch_229,2
LINK,Link_459,ES_459,1,Switch_230,1
LINK,Link_460,ES_460,1,Switch_230,2
LINK,Link_461,ES_461,1,Switch_231,1
LINK,Link_462,ES_462,1,Switch_231,2
LINK,Link_463,ES_463,1,Switch_232,1
LINK,Link_464,ES_464,1,Switch_232,2
LINK,Link_465,ES_465,1,Switch_233,1
LINK,Link_466,ES_466,1,Switch_233,2
LINK,Link_467,ES_467,1,Switch_234,1
LINK,Link_468,ES_468,1,Switch_234,2
LINK,Link_469,ES_469,1,Switch_235,1
LINK,Link_470,ES_470,1,Switch_235,2
LINK,Link_471,ES_471,1,Switch_236,1
LINK,Link_472,ES_472,1,Switch_236,2
LINK,Link_473,ES_473,1,Switch_237,1
LINK,Link_474,ES_474,1,Switch_237,2
LINK,Link_475,ES_475,1,Switch_238,1
LINK,Link_476,ES_476,1,Switch_238,2
LINK,Link_477,ES_477,1,Switch_239,1
LINK,Link_478,ES_478,1,Switch_239,2
LINK,Link_479,ES_479,1,Switch_240,1
LINK,Link_480,ES_480,1,Switch_240,2
LINK,Link_481,ES_481,1,Switch_241,1
LINK,Link_482,ES_482,1,Switch_241,2
LINK,Link_483,ES_483,1,Switch_242,1
LINK,Link_484,ES_484,1,Switch_242,2
LINK,Link_485,ES_485,1,Switch_243,1
LINK,Link_486,ES_486,1,Switch_243,2
LINK,Link_487,ES_487,1,Switch_244,1
LINK,Link_488,ES_488,1,Switch_244,2
LINK,Link_489,ES_489,1,Switch_245,1
LINK,Link_490,ES_490,1,Switch_245,2
LINK,Link_491,ES_491,1,Switch_246,1
LINK,Link_492,ES_492,1,Switch_246,2
LINK,Link_493,ES_493,1,Switch_247,1
LINK,Link_494,ES_494,1,Switch_247,2
LINK,Link_495,ES_495,1,Switch_248,1
LINK,Link_496,ES_496,1,Switch_248,2
LINK,Link_497,ES_497,1,Switch_249,1
LINK,Link_498,ES_498,1,Switch_249,2
LINK,Link_499,ES_499,1,Switch_250,1
LINK,Link_500,ES_500,1,Switch_250,2
LINK,Link_501,ES_501,1,Switch_251,1
LINK,Link_502,ES_502,1,Switch_251,2
LINK,Link_503,ES_503,1,Switch_252,1
LINK,Link_504,ES_504,1,Switch_252,2
LINK,Link_505,ES_505,1,Switch_253,1
LINK,Link_506,ES_506,1,Switch_253,2
LINK,Link_507,ES_507,1,Switch_254,1
LINK,Link_508,ES_508,1,Switch_254,2
LINK,Link_509,ES_509,1,Switch_255,1
LINK,Link_510,ES_510,1,Switch_255,2
LINK,Link_511,ES_511,1,Switch_256,1
LINK,Link_512,ES_512,1,Switch_256,2
LINK,Link_513,Switch_1,3,Switch_17,3
LINK,Link_514,Switch_1,4,Switch_2,3
LINK,Link_515,Switch_2,4,Switch_18,3
LINK,Link_516,Switch_2,5,Switch_3,3
LINK,Link_517,Switch_3,4,Switch_19,3
LINK,Link_518,Switch_3,5,Switch_4,3
LINK,Link_519,Switch_4,4,Switch_20,3
LINK,Link_520,Switch_4,5,Switch_5,3
LINK,Link_521,Switch_5,4,Switch_21,3
LINK,Link_522,Switch_5,5,Switch_6,3
LINK,Link_523,Switch_6,4,Switch_22,3
LINK,Link_524,Switch_6,5,Switch_7,3
LINK,Link_525,Switch_7,4,Switch_23,3
LINK,Link_526,Switch_7,5,Switch_8,3
LINK,Link_527,Switch_8,4,Switch_24,3
LINK,Link_528,Switch_8,5,Switch_9,3
LINK,Link_529,Switch_9,4,Switch_25,3
LINK,Link_530,Switch_9,5,Switch_10,3
LINK,Link_531,Switch_10,4,Switch_26,3
LINK,Link_532,Switch_10,5,Switch_11,3
LINK,Link_533,Switch_11,4,Switch_27,3
LINK,Link_534,Switch_11,5,Switch_12,3
LINK,Link_535,Switch_12,4,Switch_28,3
LINK,Link_536,Switch_12,5,Switch_13,3
LINK,Link_537,Switch_13,4,Switch_29,3
LINK,Link_538,Switch_13,5,Switch_14,3
LINK,Link_539,Switch_14,4,Switch_30,3
LINK,Link_540,Switch_14,5,Switch_15,3
LINK,Link_541,Switch_15,4,Switch_31,3
LINK,Link_542,Switch_15,5,Switch_16,3
LINK,Link_543,Switch_16,4,Switch_32,3
LINK,Link_544,Switch_17,4,Switch_33,3
LINK,Link_545,Switch_17,5,Switch_18,4
LINK,Link_546,Switch_18,5,Switch_34,3
LINK,Link_547,Switch_18,6,Switch_19,4
LINK,Link_548,Switch_19,5,Switch_35,3
LINK,Link_549,Switch_19,6,Switch_20,4
LINK,Link_550,Switch_20,5,Switch_36,3
LINK,Link_551,Switch_20,6,Switch_21,4
LINK,Link_552,Switch_21,5,Switch_37,3
LINK,Link_553,Switch_21,6,Switch_22,4
LINK,Link_554,Switch_22,5,Switch_38,3
LINK,Link_555,Switch_22,6,Switch_23,4
LINK,Link_556,Switch_23,5,Switch_39,3
LINK,Link_557,Switch_23,6,Switch_24,4
LINK,Link_558,Switch_24,5,Switch_40,3
LINK,Link_559,Switch_24,6,Switch_25,4
LINK,Link_560,Switch_25,5,Switch_41,3
LINK,Link_561,Switch_25,6,Switch_26,4
LINK,Link_562,Switch_26,5,Switch_42,3
LINK,Link_563,Switch_26,6,Switch_27,4
LINK,Link_564,Switch_27,5,Switch_43,3
LINK,Link_565,Switch_27,6,Switch_28,4
LINK,Link_566,Switch_28,5,Switch_44,3
LINK,Link_567,Switch_28,6,Switch_29,4
LINK,Link_568,Switch_29,5,Switch_45,3
LINK,Link_569,Switch_29,6,Switch_30,4
LINK,Link_570,Switch_30,5,Switch_46,3
LINK,Link_571,Switch_30,6,Switch_31,4
LINK,Link_572,Switch_31,5,Switch_47,3
LINK,Link_573,Switch_31,6,Switch_32,4
LINK,Link_574,Switch_32,5,Switch_48,3
LINK,Link_575,Switch_33,4,Switch_49,3
LINK,Link_576,Switch_33,5,Switch_34,4
LINK,Link_577,Switch_34,5,Switch_50,3
LINK,Link_578,Switch_34,6,Switch_35,4
LINK,Link_579,Switch_35,5,Switch_51,3
LINK,Link_580,Switch_35,6,Switch_36,4
LINK,Link_581,Switch_36,5,Switch_52,3
LINK,Link_582,Switch_36,6,Switch_37,4
LINK,Link_583,Switch_37,5,Switch_53,3
LINK,Link_584,Switch_37,6,Switch_38,4
LINK,Link_585,Switch_38,5,Switch_54,3
LINK,Link_586,Switch_38,6,Switch_39,4
LINK,Link_587,Switch_39,5,Switch_55,3
LINK,Link_588,Switch_39,6,Switch_40,4
LINK,Link_589,Switch_40,5,Switch_56,3
LINK,Link_590,Switch_40,6,Switch_41,4
LINK,Link_591,Switch_41,5,Switch_57,3
LINK,Link_592,Switch_41,6,Switch_42,4
LINK,Link_593,Switch_42,5,Switch_58,3
LINK,Link_594,Switch_42,6,Switch_43,4
LINK,Link_595,Switch_43,5,Switch_59,3
LINK,Link_596,Switch_43,6,Switch_44,4
LINK,Link_597,Switch_44,5,Switch_60,3
LINK,Link_598,Switch_44,6,Switch_45,4
LINK,Link_599,Switch_45,5,Switch_61,3
LINK,Link_600,Switch_45,6,Switch_46,4
LINK,Link_601,Switch_46,5,Switch_62,3
LINK,Link_602,Switch_46,6,Switch_47,4
LINK,Link_603,Switch_47,5,Switch_63,3
LINK,Link_604,Switch_47,6,Switch_48,4
LINK,Link_605,Switch_48,5,Switch_64,3
LINK,Link_606,Switch_49,4,Switch_65,3
LINK,Link_607,Switch_49,5,Switch_50,4
LINK,Link_608,Switch_50,5,Switch_66,3
LINK,Link_609,Switch_50,6,Switch_51,4
LINK,Link_610,Switch_51,5,Switch_67,3
LINK,Link_611,Switch_51,6,Switch_52,4
LINK,Link_612,Switch_52,5,Switch_68,3
LINK,Link_613,Switch_52,6,Switch_53,4
LINK,Link_614,Switch_53,5,Switch_69,3
LINK,Link_615,Switch_53,6,Switch_54,4
LINK,Link_616,Switch_54,5,Switch_70,3
LINK,Link_617,Switch_54,6,Switch_55,4
LINK,Link_618,Switch_55,5,Switch_71,3
LINK,Link_619,Switch_55,6,Switch_56,4
LINK,Link_620,Switch_56,5,Switch_72,3
LINK,Link_621,Switch_56,6,Switch_57,4
LINK,Link_622,Switch_57,5,Switch_73,3
LINK,Link_623,Switch_57,6,Switch_58,4
LINK,Link_624,Switch_58,5,Switch_74,3
LINK,Link_625,Switch_58,6,Switch_59,4
LINK,Link_626,Switch_59,5,Switch_75,3
LINK,Link_627,Switch_59,6,Switch_60,4
LINK,Link_628,Switch_60,5,Switch_76,3
LINK,Link_629,Switch_60,6,Switch_61,4
LINK,Link_630,Switch_61,5,Switch_77,3
LINK,Link_631,Switch_61,6,Switch_62,4
LINK,Link_632,Switch_62,5,Switch_78,3
LINK,Link_633,Switch_62,6,Switch_63,4
LINK,Link_634,Switch_63,5,Switch_79,3
LINK,Link_635,Switch_63,6,Switch_64,4
LINK,Link_636,Switch_64,5,Switch_80,3
LINK,Link_637,Switch_65,4,Switch_81,3
LINK,Link_638,Switch_65,5,Switch_66,4
LINK,Link_639,Switch_66,5,Switch_82,3
LINK,Link_640,Switch_66,6,Switch_67,4
LINK,Link_641,Switch_67,5,Switch_83,3
LINK,Link_642,Switch_67,6,Switch_68,4
LINK,Link_643,Switch_68,5,Switch_84,3
LINK,Link_644,Switch_68,6,Switch_69,4
LINK,Link_645,Switch_69,5,Switch_85,3
LINK,Link_646,Switch_69,6,Switch_70,4
LINK,Link_647,Switch_70,5,Switch_86,3
LINK,Link_648,Switch_70,6,Switch_71,4
LINK,Link_649,Switch_71,5,Switch_87,3
LINK,Link_650,Switch_71,6,Switch_72,4
LINK,Link_651,Switch_72,5,Switch_88,3
LINK,Link_652,Switch_72,6,Switch_73,4
LINK,Link_653,Switch_73,5,Switch_89,3
LINK,Link_654,Switch_73,6,Switch_74,4
LINK,Link_655,Switch_74,5,Switch_90,3
LINK,Link_656,Switch_74,6,Switch_75,4
LINK,Link_657,Switch_75,5,Switch_91,3
LINK,Link_658,Switch_75,6,Switch_76,4
LINK,Link_659,Switch_76,5,Switch_92,3
LINK,Link_660,Switch_76,6,Switch_77,4
LINK,Link_661,Switch_77,5,Switch_93,3
LINK,Link_662,Switch_77,6,Switch_78,4
LINK,Link_663,Switch_78,5,Switch_94,3
LINK,Link_664,Switch_78,6,Switch_79,4
LINK,Link_665,Switch_79,5,Switch_95,3
LINK,Link_666,Switch_79,6,Switch_80,4
LINK,Link_667,Switch_80,5,Switch_96,3
LINK,Link_668,Switch_81,4,Switch_97,3
LINK,Link_669,Switch_81,5,Switch_82,4
LINK,Link_670,Switch_82,5,Switch_98,3
LINK,Link_671,Switch_82,6,Switch_83,4
LINK,Link_672,Switch_83,5,Switch_99,3
LINK,Link_673,Switch_83,6,Switch_84,4
LINK,Link_674,Switch_84,5,Switch_100,3
LINK,Link_675,Switch_84,6,Switch_85,4
LINK,Link_676,Switch_85,5,Switch_101,3
LINK,Link_677,Switch_85,6,Switch_86,4
LINK,Link_678,Switch_86,5,Switch_102,3
LINK,Link_679,Switch_86,6,Switch_87,4
LINK,Link_680,Switch_87,5,Switch_103,3
LINK,Link_681,Switch_87,6,Switch_88,4
LINK,Link_682,Switch_88,5,Switch_104,3
LINK,Link_683,Switch_88,6,Switch_89,4
LINK,Link_684,Switch_89,5,Switch_105,3
LINK,Link_685,Switch_89,6,Switch_90,4
LINK,Link_686,Switch_90,5,Switch_106,3
LINK,Link_687,Switch_90,6,Switch_91,4
LINK,Link_688,Switch_91,5,Switch_107,3
LINK,Link_689,Switch_91,6,Switch_92,4
LINK,Link_690,Switch_92,5,Switch_108,3
LINK,Link_691,Switch_92,6,Switch_93,4
LINK,Link_692,Switch_93,5,Switch_109,3
LINK,Link_693,Switch_93,6,Switch_94,4
LINK,Link_694,Switch_94,5,Switch_110,3
LINK,Link_695,Switch_94,6,Switch_95,4
LINK,Link_696,Switch_95,5,Switch_111,3
LINK,Link_697,Switch_95,6,Switch_96,4
LINK,Link_698,Switch_96,5,Switch_112,3
LINK,Link_699,Switch_97,4,Switch_113,3
LINK,Link_700,Switch_97,5,Switch_98,4
LINK,Link_701,Switch_98,5,Switch_114,3
LINK,Link_702,Switch_98,6,Switch_99,4
LINK,Link_703,Switch_99,5,Switch_115,3
LINK,Link_704,Switch_99,6,Switch_100,4
LINK,Link_705,Switch_100,5,Switch_116,3
LINK,Link_706,Switch_100,6,Switch_101,4
LINK,Link_707,Switch_101,5,Switch_117,3
LINK,Link_708,Switch_101,6,Switch_102,4
LINK,Link_709,Switch_102,5,Switch_118,3
LINK,Link_710,Switch_102,6,Switch_103,4
LINK,Link_711,Switch_103,5,Switch_119,3
LINK,Link_712,Switch_103,6,Switch_104,4
LINK,Link_713,Switch_104,5,Switch_120,3
LINK,Link_714,Switch_104,6,Switch_105,4
LINK,Link_715,Switch_105,5,Switch_121,3
LINK,Link_716,Switch_105,6,Switch_106,4
LINK,Link_717,Switch_106,5,Switch_122,3
LINK,Link_718,Switch_106,6,Switch_107,4
LINK,Link_719,Switch_107,5,Switch_123,3
LINK,Link_720,Switch_107,6,Switch_108,4
LINK,Link_721,Switch_108,5,Switch_124,3
LINK,Link_722,Switch_108,6,Switch_109,4
LINK,Link_723,Switch_109,5,Switch_125,3
LINK,Link_724,Switch_109,6,Switch_110,4
LINK,Link_725,Switch_110,5,Switch_126,3
LINK,Link_726,Switch_110,6,Switch_111,4
LINK,Link_727,Switch_111,5,Switch_127,3
LINK,Link_728,Switch_111,6,Switch_112,4
LINK,Link_729,Switch_112,5,Switch_128,3
LINK,Link_730,Switch_113,4,Switch_129,3
LINK,Link_731,Switch_113,5,Switch_114,4
LINK,Link_732,Switch_114,5,Switch_130,3
LINK,Link_733,Switch_114,6,Switch_115,4
LINK,Link_734,Switch_115,5,Switch_131,3
LINK,Link_735,Switch_115,6,Switch_116,4
LINK,Link_736,Switch_116,5,Switch_132,3
LINK,Link_737,Switch_116,6,Switch_117,4
LINK,Link_738,Switch_117,5,Switch_133,3
LINK,Link_739,Switch_117,6,Switch_118,4
LINK,Link_740,Switch_118,5,Switch_134,3
LINK,Link_741,Switch_118,6,Switch_119,4
LINK,Link_742,Switch_119,5,Switch_135,3
LINK,Link_743,Switch_119,6,Switch_120,4
LINK,Link_744,Switch_120,5,Switch_136,3
LINK,Link_745,Switch_120,6,Switch_121,4
LINK,Link_746,Switch_121,5,Switch_137,3
LINK,Link_747,Switch_121,6,Switch_122,4
LINK,Link_748,Switch_122,5,Switch_138,3
LINK,Link_749,Switch_122,6,Switch_123,4
LINK,Link_750,Switch_123,5,Switch_139,3
LINK,Link_751,Switch_123,6,Switch_124,4
LINK,Link_752,Switch_124,5,Switch_140,3
LINK,Link_753,Switch_124,6,Switch_125,4
LINK,Link_754,Switch_125,5,Switch_141,3
LINK,Link_755,Switch_125,6,Switch_126,4
LINK,Link_756,Switch_126,5,Switch_142,3
LINK,Link_757,Switch_126,6,Switch_127,4
LINK,Link_758,Switch_127,5,Switch_143,3
LINK,Link_759,Switch_127,6,Switch_128,4
LINK,Link_760,Switch_128,5,Switch_144,3
LINK,Link_761,Switch_129,4,Switch_145,3
LINK,Link_762,Switch_129,5,Switch_130,4
LINK,Link_763,Switch_130,5,Switch_146,3
LINK,Link_764,Switch_130,6,Switch_131,4
LINK,Link_765,Switch_131,5,Switch_147,3
LINK,Link_766,Switch_131,6,Switch_132,4
LINK,Link_767,Switch_132,5,Switch_148,3
LINK,Link_768,Switch_132,6,Switch_133,4
LINK,Link_769,Switch_133,5,Switch_149,3
LINK,Link_770,Switch_133,6,Switch_134,4
LINK,Link_771,Switch_134,5,Switch_150,3
LINK,Link_772,Switch_134,6,Switch_135,4
LINK,Link_773,Switch_135,5,Switch_151,3
LINK,Link_774,Switch_135,6,Switch_136,4
LINK,Link_775,Switch_136,5,Switch_152,3
LINK,Link_776,Switch_136,6,Switch_137,4
LINK,Link_777,Switch_137,5,Switch_153,3
LINK,Link_778,Switch_137,6,Switch_138,4
LINK,Link_779,Switch_138,5,Switch_154,3
LINK,Link_780,Switch_138,6,Switch_139,4
LINK,Link_781,Switch_139,5,Switch_155,3
LINK,Link_782,Switch_139,6,Switch_140,4
LINK,Link_783,Switch_140,5,Switch_156,3
LINK,Link_784,Switch_140,6,Switch_141,4
LINK,Link_785,Switch_141,5,Switch_157,3
LINK,Link_786,Switch_141,6,Switch_142,4
LINK,Link_787,Switch_142,5,Switch_158,3
LINK,Link_788,Switch_142,6,Switch_143,4
LINK,Link_789,Switch_143,5,Switch_159,3
LINK,Link_790,Switch_143,6,Switch_144,4
LINK,Link_791,Switch_144,5,Switch_160,3
LINK,Link_792,Switch_145,4,Switch_161,3
LINK,Link_793,Switch_145,5,Switch_146,4
LINK,Link_794,Switch_146,5,Switch_162,3
LINK,Link_795,Switch_146,6,Switch_147,4
LINK,Link_796,Switch_147,5,Switch_163,3
LINK,Link_797,Switch_147,6,Switch_148,4
LINK,Link_798,Switch_148,5,Switch_164,3
LINK,Link_799,Switch_148,6,Switch_149,4
LINK,Link_800,Switch_149,5,Switch_165,3
LINK,Link_801,Switch_149,6,Switch_150,4
LINK,Link_802,Switch_150,5,Switch_166,3
LINK,Link_803,Switch_150,6,Switch_151,4
LINK,Link_804,Switch_151,5,Switch_167,3
LINK,Link_805,Switch_151,6,Switch_152,4
LINK,Link_806,Switch_152,5,Switch_168,3
LINK,Link_807,Switch_152,6,Switch_153,4
LINK,Link_808,Switch_153,5,Switch_169,3
LINK,Link_809,Switch_153,6,Switch_154,4
LINK,Link_810,Switch_154,5,Switch_170,3
LINK,Link_811,Switch_154,6,Switch_155,4
LINK,Link_812,Switch_155,5,Switch_171,3
LINK,Link_813,Switch_155,6,Switch_156,4
LINK,Link_814,Switch_156,5,Switch_172,3
LINK,Link_815,Switch_156,6,Switch_157,4
LINK,Link_816,Switch_157,5,Switch_173,3
LINK,Link_817,Switch_157,6,Switch_158,4
LINK,Link_818,Switch_158,5,Switch_174,3
LINK,Link_819,Switch_158,6,Switch_159,4
LINK,Link_820,Switch_159,5,Switch_175,3
LINK,Link_821,Switch_159,6,Switch_160,4
LINK,Link_822,Switch_160,5,Switch_176,3
LINK,Link_823,Switch_161,4,Switch_177,3
LINK,Link_824,Switch_161,5,Switch_162,4
LINK,Link_825,Switch_162,5,Switch_178,3
LINK,Link_826,Switch_162,6,Switch_163,4
LINK,Link_827,Switch_163,5,Switch_179,3
LINK,Link_828,Switch_163,6,Switch_164,4
LINK,Link_829,Switch_164,5,Switch_180,3
LINK,Link_830,Switch_164,6,Switch_165,4
LINK,Link_831,Switch_165,5,Switch_181,3
LINK,Link_832,Switch_165,6,Switch_166,4
LINK,Link_833,Switch_166,5,Switch_182,3
LINK,Link_834,Switch_166,6,Switch_167,4
LINK,Link_835,Switch_167,5,Switch_183,3
LINK,Link_836,Switch_167,6,Switch_168,4
LINK,Link_837,Switch_168,5,Switch_184,3
LINK,Link_838,Switch_168,6,Switch_169,4
LINK,Link_839,Switch_169,5,Switch_185,3
LINK,Link_840,Switch_169,6,Switch_170,4
LINK,Link_841,Switch_170,5,Switch_186,3
LINK,Link_842,Switch_170,6,Switch_171,4
LINK,Link_843,Switch_171,5,Switch_187,3
LINK,Link_844,Switch_171,6,Switch_172,4
LINK,Link_845,Switch_172,5,Switch_188,3
LINK,Link_846,Switch_172,6,Switch_173,4
LINK,Link_847,Switch_173,5,Switch_189,3
LINK,Link_848,Switch_173,6,Switch_174,4
LINK,Link_849,Switch_174,5,Switch_190,3
LINK,Link_850,Switch_174,6,Switch_175,4
LINK,Link_851,Switch_175,5,Switch_191,3
LINK,Link_852,Switch_175,6,Switch_176,4
LINK,Link_853,Switch_176,5,Switch_192,3
LINK,Link_854,Switch_177,4,Switch_193,3
LINK,Link_855,Switch_177,5,Switch_178,4
LINK,Link_856,Switch_178,5,Switch_194,3
LINK,Link_857,Switch_178,6,Switch_179,4
LINK,Link_858,Switch_179,5,Switch_195,3
LINK,Link_859,Switch_179,6,Switch_180,4
LINK,Link_860,Switch_180,5,Switch_196,3
LINK,Link_861,Switch_180,6,Switch_181,4
LINK,Link_862,Switch_181,5,Switch_197,3
LINK,Link_863,Switch_181,6,Switch_182,4
LINK,Link_864,Switch_182,5,Switch_198,3
LINK,Link_865,Switch_182,6,Switch_183,4
LINK,Link_866,Switch_183,5,Switch_199,3
LINK,Link_867,Switch_183,6,Switch_184,4
LINK,Link_868,Switch_184,5,Switch_200,3
LINK,Link_869,Switch_184,6,Switch_185,4
LINK,Link_870,Switch_185,5,Switch_201,3
LINK,Link_871,Switch_185,6,Switch_186,4
LINK,Link_872,Switch_186,5,Switch_202,3
LINK,Link_873,Switch_186,6,Switch_187,4
LINK,Link_874,Switch_187,5,Switch_203,3
LINK,Link_875,Switch_187,6,Switch_188,4
LINK,Link_876,Switch_188,5,Switch_204,3
LINK,Link_877,Switch_188,6,Switch_189,4
LINK,Link_878,Switch_189,5,Switch_205,3
LINK,Link_879,Switch_189,6,Switch_190,4
LINK,Link_880,Switch_190,5,Switch_206,3
LINK,Link_881,Switch_190,6,Switch_191,4
LINK,Link_882,Switch_191,5,Switch_207,3
LINK,Link_883,Switch_191,6,Switch_192,4
LINK,Link_884,Switch_192,5,Switch_208,3
LINK,Link_885,Switch_193,4,Switch_209,3
LINK,Link_886,Switch_193,5,Switch_194,4
LINK,Link_887,Switch_194,5,Switch_210,3
LINK,Link_888,Switch_194,6,Switch_195,4
LINK,Link_889,Switch_195,5,Switch_211,3
LINK,Link_890,Switch_195,6,Switch_196,4
LINK,Link_891,Switch_196,5,Switch_212,3
LINK,Link_892,Switch_196,6,Switch_197,4
LINK,Link_893,Switch_197,5,Switch_213,3
LINK,Link_894,Switch_197,6,Switch_198,4
LINK,Link_895,Switch_198,5,Switch_214,3
LINK,Link_896,Switch_198,6,Switch_199,4
LINK,Link_897,Switch_199,5,Switch_215,3
LINK,Link_898,Switch_199,6,Switch_200,4
LINK,Link_899,Switch_200,5,Switch_216,3
LINK,Link_900,Switch_200,6,Switch_201,4
LINK,Link_901,Switch_201,5,Switch_217,3
LINK,Link_902,Switch_201,6,Switch_202,4
LINK,Link_903,Switch_202,5,Switch_218,3
LINK,Link_904,Switch_202,6,Switch_203,4
LINK,Link_905,Switch_203,5,Switch_219,3
LINK,Link_906,Switch_203,6,Switch_204,4
LINK,Link_907,Switch_204,5,Switch_220,3
LINK,Link_908,Switch_204,6,Switch_205,4
LINK,Link_909,Switch_205,5,Switch_221,3
LINK,Link_910,Switch_205,6,Switch_206,4
LINK,Link_911,Switch_206,5,Switch_222,3
LINK,Link_912,Switch_206,6,Switch_207,4
LINK,Link_913,Switch_207,5,Switch_223,3
LINK,Link_914,Switch_207,6,Switch_208,4
LINK,Link_915,Switch_208,5,Switch_224,3
LINK,Link_916,Switch_209,4,Switch_225,3
LINK,Link_917,Switch_209,5,Switch_210,4
LINK,Link_918,Switch_210,5,Switch_226,3
LINK,Link_919,Switch_210,6,Switch_211,4
LINK,Link_920,Switch_211,5,Switch_227,3
LINK,Link_921,Switch_211,6,Switch_212,4
LINK,Link_922,Switch_212,5,Switch_228,3
LINK,Link_923,Switch_212,6,Switch_213,4
LINK,Link_924,Switch_213,5,Switch_229,3
LINK,Link_925,Switch_213,6,Switch_214,4
LINK,Link_926,Switch_214,5,Switch_230,3
LINK,Link_927,Switch_214,6,Switch_215,4
LINK,Link_928,Switch_215,5,Switch_231,3
LINK,Link_929,Switch_215,6,Switch_216,4
LINK,Link_930,Switch_216,5,Switch_232,3
LINK,Link_931,Switch_216,6,Switch_217,4
LINK,Link_932,Switch_217,5,Switch_233,3
LINK,Link_933,Switch_217,6,Switch_218,4
LINK,Link_934,Switch_218,5,Switch_234,3
LINK,Link_935,Switch_218,6,Switch_219,4
LINK,Link_936,Switch_219,5,Switch_235,3
LINK,Link_937,Switch_219,6,Switch_220,4
LINK,Link_938,Switch_220,5,Switch_236,3
LINK,Link_939,Switch_220,6,Switch_221,4
LINK,Link_940,Switch_221,5,Switch_237,3
LINK,Link_941,Switch_221,6,Switch_222,4
LINK,Link_942,Switch_222,5,Switch_238,3
LINK,Link_943,Switch_222,6,Switch_223,4
LINK,Link_944,Switch_223,5,Switch_239,3
LINK,Link_945,Switch_223,6,Switch_224,4
LINK,Link_946,Switch_224,5,Switch_240,3
LINK,Link_947,Switch_225,4,Switch_241,3
LINK,Link_948,Switch_225,5,Switch_226,4
LINK,Link_949,Switch_226,5,Switch_242,3
LINK,Link_950,Switch_226,6,Switch_227,4
LINK,Link_951,Switch_227,5,Switch_243,3
LINK,Link_952,Switch_227,6,Switch_228,4
LINK,Link_953,Switch_228,5,Switch_244,3
LINK,Link_954,Switch_228,6,Switch_229,4
LINK,Link_955,Switch_229,5,Switch_245,3
LINK,Link_956,Switch_229,6,Switch_230,4
LINK,Link_957,Switch_230,5,Switch_246,3
LINK,Link_958,Switch_230,6,Switch_231,4
LINK,Link_959,Switch_231,5,Switch_247,3
LINK,Link_960,Switch_231,6,Switch_232,4
LINK,Link_961,Switch_232,5,Switch_248,3
LINK,Link_962,Switch_232,6,Switch_233,4
LINK,Link_963,Switch_233,5,Switch_249,3
LINK,Link_964,Switch_233,6,Switch_234,4
LINK,Link_965,Switch_234,5,Switch_250,3
LINK,Link_966,Switch_234,6,Switch_235,4
LINK,Link_967,Switch_235,5,Switch_251,3
LINK,Link_968,Switch_235,6,Switch_236,4
LINK,Link_969,Switch_236,5,Switch_252,3
LINK,Link_970,Switch_236,6,Switch_237,4
LINK,Link_971,Switch_237,5,Switch_253,3
LINK,Link_972,Switch_237,6,Switch_238,4
LINK,Link_973,Switch_238,5,Switch_254,3
LINK,Link_974,Switch_238,6,Switch_239,4
LINK,Link_975,Switch_239,5,Switch_255,3
LINK,Link_976,Switch_239,6,Switch_240,4
LINK,Link_977,Switch_240,5,Switch_256,3
LINK,Link_978,Switch_241,4,Switch_242,4
LINK,Link_979,Switch_242,5,Switch_243,4
LINK,Link_980,Switch_243,5,Switch_244,4
LINK,Link_981,Switch_244,5,Switch_245,4
LINK,Link_982,Switch_245,5,Switch_246,4
LINK,Link_983,Switch_246,5,Switch_247,4
LINK,Link_984,Switch_247,5,Switch_248,4
LINK,Link_985,Switch_248,5,Switch_249,4
LINK,Link_986,Switch_249,5,Switch_250,4
LINK,Link_987,Switch_250,5,Switch_251,4
LINK,Link_988,Switch_251,5,Switch_252,4
LINK,Link_989,Switch_252,5,Switch_253,4
LINK,Link_990,Switch_253,5,Switch_254,4
LINK,Link_991,Switch_254,5,Switch_255,4
LINK,Link_992,Switch_255,5,Switch_256,4
